<?xml version="1.0" encoding="UTF-8"?>
<project name="blockchainui" default="all">
  
  
  <property file="blockchainui.properties"/>
  <!-- Uncomment the following property if no tests compilation is needed -->
  <!-- 
  <property name="skip.tests" value="true"/>
   -->
  
  <!-- Compiler options -->
  
  <property name="compiler.debug" value="on"/>
  <property name="compiler.generate.no.warnings" value="off"/>
  <property name="compiler.args" value=""/>
  <property name="compiler.max.memory" value="700m"/>
  <patternset id="ignored.files">
    <exclude name="**/*.hprof/**"/>
    <exclude name="**/*.pyc/**"/>
    <exclude name="**/*.pyo/**"/>
    <exclude name="**/*.rbc/**"/>
    <exclude name="**/*.yarb/**"/>
    <exclude name="**/*~/**"/>
    <exclude name="**/.DS_Store/**"/>
    <exclude name="**/.git/**"/>
    <exclude name="**/.hg/**"/>
    <exclude name="**/.svn/**"/>
    <exclude name="**/CVS/**"/>
    <exclude name="**/__pycache__/**"/>
    <exclude name="**/_svn/**"/>
    <exclude name="**/vssver.scc/**"/>
    <exclude name="**/vssver2.scc/**"/>
  </patternset>
  <patternset id="library.patterns">
    <include name="*.war"/>
    <include name="*.swc"/>
    <include name="*.apk"/>
    <include name="*.zip"/>
    <include name="*.ear"/>
    <include name="*.egg"/>
    <include name="*.ane"/>
    <include name="*.jar"/>
  </patternset>
  <patternset id="compiler.resources">
    <exclude name="**/?*.java"/>
    <exclude name="**/?*.form"/>
    <exclude name="**/?*.class"/>
    <exclude name="**/?*.groovy"/>
    <exclude name="**/?*.scala"/>
    <exclude name="**/?*.flex"/>
    <exclude name="**/?*.kt"/>
    <exclude name="**/?*.clj"/>
    <exclude name="**/?*.aj"/>
  </patternset>
  
  <!-- JDK definitions -->
  
  <property name="jdk.bin.1.8" value="${jdk.home.1.8}/bin"/>
  <path id="jdk.classpath.1.8">
    <fileset dir="${jdk.home.1.8}">
      <include name="jre/lib/charsets.jar"/>
      <include name="jre/lib/ext/access-bridge-64.jar"/>
      <include name="jre/lib/ext/cldrdata.jar"/>
      <include name="jre/lib/ext/dnsns.jar"/>
      <include name="jre/lib/ext/jaccess.jar"/>
      <include name="jre/lib/ext/localedata.jar"/>
      <include name="jre/lib/ext/nashorn.jar"/>
      <include name="jre/lib/ext/sunec.jar"/>
      <include name="jre/lib/ext/sunjce_provider.jar"/>
      <include name="jre/lib/ext/sunmscapi.jar"/>
      <include name="jre/lib/ext/sunpkcs11.jar"/>
      <include name="jre/lib/ext/zipfs.jar"/>
      <include name="jre/lib/jce.jar"/>
      <include name="jre/lib/jsse.jar"/>
      <include name="jre/lib/management-agent.jar"/>
      <include name="jre/lib/resources.jar"/>
      <include name="jre/lib/rt.jar"/>
    </fileset>
  </path>
  
  <property name="project.jdk.home" value="${jdk.home.1.8}"/>
  <property name="project.jdk.bin" value="${jdk.bin.1.8}"/>
  <property name="project.jdk.classpath" value="jdk.classpath.1.8"/>
  
  
  <!-- Project Libraries -->
  
  <path id="library.android.arch.core:common:1.0.0@jar.classpath">
    <pathelement location="${basedir}/../../.gradle/caches/modules-2/files-2.1/android.arch.core/common/1.0.0/a2d487452376193fc8c103dd2b9bd5f2b1b44563/common-1.0.0.jar"/>
  </path>
  
  <path id="library.android.arch.lifecycle:common:1.0.3@jar.classpath">
    <pathelement location="${basedir}/../../.gradle/caches/modules-2/files-2.1/android.arch.lifecycle/common/1.0.3/7d7f60c4783872861222166f6164215f8951c7b1/common-1.0.3.jar"/>
  </path>
  
  <path id="library.android.arch.lifecycle:runtime-1.0.3.classpath">
    <pathelement location="${basedir}/../../.gradle/caches/transforms-1/files-1.1/runtime-1.0.3.aar/444ceef15d295390b339117148d22371/res"/>
    <pathelement location="${basedir}/../../.gradle/caches/transforms-1/files-1.1/runtime-1.0.3.aar/444ceef15d295390b339117148d22371/jars/classes.jar"/>
  </path>
  
  <path id="library.com.android.support.constraint:constraint-layout-1.0.2.classpath">
    <pathelement location="${basedir}/../../.gradle/caches/transforms-1/files-1.1/constraint-layout-1.0.2.aar/6dfe19cc1e862e34121fdad13d024b60/res"/>
    <pathelement location="${basedir}/../../.gradle/caches/transforms-1/files-1.1/constraint-layout-1.0.2.aar/6dfe19cc1e862e34121fdad13d024b60/jars/classes.jar"/>
  </path>
  
  <path id="library.com.android.support.constraint:constraint-layout-solver:1.0.2@jar.classpath">
    <pathelement location="${basedir}/../../AppData/Local/Android/Sdk/extras/m2repository/com/android/support/constraint/constraint-layout-solver/1.0.2/constraint-layout-solver-1.0.2.jar"/>
  </path>
  
  <path id="library.com.android.support.test.espresso:espresso-core-3.0.1.classpath">
    <pathelement location="${basedir}/../../.gradle/caches/transforms-1/files-1.1/espresso-core-3.0.1.aar/27b43bd03cc2e8b6cca9e2fbdacc4632/res"/>
    <pathelement location="${basedir}/../../.gradle/caches/transforms-1/files-1.1/espresso-core-3.0.1.aar/27b43bd03cc2e8b6cca9e2fbdacc4632/jars/classes.jar"/>
  </path>
  
  <path id="library.com.android.support.test.espresso:espresso-idling-resource-3.0.1.classpath">
    <pathelement location="${basedir}/../../.gradle/caches/transforms-1/files-1.1/espresso-idling-resource-3.0.1.aar/01064b180696e89e0f41738441c739ec/res"/>
    <pathelement location="${basedir}/../../.gradle/caches/transforms-1/files-1.1/espresso-idling-resource-3.0.1.aar/01064b180696e89e0f41738441c739ec/jars/classes.jar"/>
  </path>
  
  <path id="library.com.android.support.test:rules-1.0.1.classpath">
    <pathelement location="${basedir}/../../.gradle/caches/transforms-1/files-1.1/rules-1.0.1.aar/50c06844bf36afa714d5e0393caca8d2/res"/>
    <pathelement location="${basedir}/../../.gradle/caches/transforms-1/files-1.1/rules-1.0.1.aar/50c06844bf36afa714d5e0393caca8d2/jars/classes.jar"/>
  </path>
  
  <path id="library.com.android.support.test:runner-1.0.1.classpath">
    <pathelement location="${basedir}/../../.gradle/caches/transforms-1/files-1.1/runner-1.0.1.aar/6e7802f3b189bcabd0f6786fe6380ea2/res"/>
    <pathelement location="${basedir}/../../.gradle/caches/transforms-1/files-1.1/runner-1.0.1.aar/6e7802f3b189bcabd0f6786fe6380ea2/jars/classes.jar"/>
  </path>
  
  <path id="library.com.android.support:animated-vector-drawable-27.0.2.classpath">
    <pathelement location="${basedir}/../../.gradle/caches/transforms-1/files-1.1/animated-vector-drawable-27.0.2.aar/8f450ef444310e9f1189ce5f84fa927b/res"/>
    <pathelement location="${basedir}/../../.gradle/caches/transforms-1/files-1.1/animated-vector-drawable-27.0.2.aar/8f450ef444310e9f1189ce5f84fa927b/jars/classes.jar"/>
  </path>
  
  <path id="library.com.android.support:appcompat-v7-27.0.2.classpath">
    <pathelement location="${basedir}/../../.gradle/caches/transforms-1/files-1.1/appcompat-v7-27.0.2.aar/aeff93443b85f9977bd6604465c636b2/res"/>
    <pathelement location="${basedir}/../../.gradle/caches/transforms-1/files-1.1/appcompat-v7-27.0.2.aar/aeff93443b85f9977bd6604465c636b2/jars/classes.jar"/>
  </path>
  
  <path id="library.com.android.support:support-annotations:27.0.2@jar.classpath">
    <pathelement location="${basedir}/../../.gradle/caches/modules-2/files-2.1/com.android.support/support-annotations/27.0.2/b9ef4342c934a1a8b107506273dc8061662a322/support-annotations-27.0.2.jar"/>
  </path>
  
  <path id="library.com.android.support:support-compat-27.0.2.classpath">
    <pathelement location="${basedir}/../../.gradle/caches/transforms-1/files-1.1/support-compat-27.0.2.aar/88eb0ef69bc1529ad677c2da5f0359b7/res"/>
    <pathelement location="${basedir}/../../.gradle/caches/transforms-1/files-1.1/support-compat-27.0.2.aar/88eb0ef69bc1529ad677c2da5f0359b7/jars/classes.jar"/>
  </path>
  
  <path id="library.com.android.support:support-core-ui-27.0.2.classpath">
    <pathelement location="${basedir}/../../.gradle/caches/transforms-1/files-1.1/support-core-ui-27.0.2.aar/8c070c3fe9912ca37e54eab8218150e9/res"/>
    <pathelement location="${basedir}/../../.gradle/caches/transforms-1/files-1.1/support-core-ui-27.0.2.aar/8c070c3fe9912ca37e54eab8218150e9/jars/classes.jar"/>
  </path>
  
  <path id="library.com.android.support:support-core-utils-27.0.2.classpath">
    <pathelement location="${basedir}/../../.gradle/caches/transforms-1/files-1.1/support-core-utils-27.0.2.aar/a4d91be0d7c4a08e432be9f40991b967/res"/>
    <pathelement location="${basedir}/../../.gradle/caches/transforms-1/files-1.1/support-core-utils-27.0.2.aar/a4d91be0d7c4a08e432be9f40991b967/jars/classes.jar"/>
  </path>
  
  <path id="library.com.android.support:support-fragment-27.0.2.classpath">
    <pathelement location="${basedir}/../../.gradle/caches/transforms-1/files-1.1/support-fragment-27.0.2.aar/1f0f5c7e14828700e54405dd6eef26c7/res"/>
    <pathelement location="${basedir}/../../.gradle/caches/transforms-1/files-1.1/support-fragment-27.0.2.aar/1f0f5c7e14828700e54405dd6eef26c7/jars/classes.jar"/>
  </path>
  
  <path id="library.com.android.support:support-vector-drawable-27.0.2.classpath">
    <pathelement location="${basedir}/../../.gradle/caches/transforms-1/files-1.1/support-vector-drawable-27.0.2.aar/a253413324ed104e3d3b2ad9a95e1a15/res"/>
    <pathelement location="${basedir}/../../.gradle/caches/transforms-1/files-1.1/support-vector-drawable-27.0.2.aar/a253413324ed104e3d3b2ad9a95e1a15/jars/classes.jar"/>
  </path>
  
  <path id="library.com.google.code.findbugs:jsr305:2.0.1@jar.classpath">
    <pathelement location="${basedir}/../../.gradle/caches/modules-2/files-2.1/com.google.code.findbugs/jsr305/2.0.1/516c03b21d50a644d538de0f0369c620989cd8f0/jsr305-2.0.1.jar"/>
  </path>
  
  <path id="library.com.kakao.sdk:auth-1.1.7.classpath">
    <pathelement location="${basedir}/../../.gradle/caches/transforms-1/files-1.1/auth-1.1.7.aar/77d2bdd181f1b9fdef212d046c55bab9/res"/>
    <pathelement location="${basedir}/../../.gradle/caches/transforms-1/files-1.1/auth-1.1.7.aar/77d2bdd181f1b9fdef212d046c55bab9/jars/classes.jar"/>
  </path>
  
  <path id="library.com.kakao.sdk:network-1.1.7.classpath">
    <pathelement location="${basedir}/../../.gradle/caches/transforms-1/files-1.1/network-1.1.7.aar/028c6fe3880f0cfcbe7411a1efeea33a/res"/>
    <pathelement location="${basedir}/../../.gradle/caches/transforms-1/files-1.1/network-1.1.7.aar/028c6fe3880f0cfcbe7411a1efeea33a/jars/classes.jar"/>
  </path>
  
  <path id="library.com.kakao.sdk:usermgmt-1.1.7.classpath">
    <pathelement location="${basedir}/../../.gradle/caches/transforms-1/files-1.1/usermgmt-1.1.7.aar/2820602169c0806e50e03d518b38ad20/res"/>
    <pathelement location="${basedir}/../../.gradle/caches/transforms-1/files-1.1/usermgmt-1.1.7.aar/2820602169c0806e50e03d518b38ad20/jars/classes.jar"/>
  </path>
  
  <path id="library.com.kakao.sdk:util-1.1.7.classpath">
    <pathelement location="${basedir}/../../.gradle/caches/transforms-1/files-1.1/util-1.1.7.aar/96509b0d022e1069a91fe11a142ddbfe/res"/>
    <pathelement location="${basedir}/../../.gradle/caches/transforms-1/files-1.1/util-1.1.7.aar/96509b0d022e1069a91fe11a142ddbfe/jars/classes.jar"/>
  </path>
  
  <path id="library.com.squareup:javawriter:2.1.1@jar.classpath">
    <pathelement location="${basedir}/../../.gradle/caches/modules-2/files-2.1/com.squareup/javawriter/2.1.1/67ff45d9ae02e583d0f9b3432a5ebbe05c30c966/javawriter-2.1.1.jar"/>
  </path>
  
  <path id="library.javax.inject:javax.inject:1@jar.classpath">
    <pathelement location="${basedir}/../../.gradle/caches/modules-2/files-2.1/javax.inject/javax.inject/1/6975da39a7040257bd51d21a231b76c915872d38/javax.inject-1.jar"/>
  </path>
  
  <path id="library.junit:junit:4.12@jar.classpath">
    <pathelement location="${basedir}/../../.gradle/caches/modules-2/files-2.1/junit/junit/4.12/2973d150c0dc1fefe998f834810d68f278ea58ec/junit-4.12.jar"/>
  </path>
  
  <path id="library.net.sf.kxml:kxml2:2.3.0@jar.classpath">
    <pathelement location="${idea.home}/gradle/m2repository/net/sf/kxml/kxml2/2.3.0/kxml2-2.3.0.jar"/>
  </path>
  
  <path id="library.org.hamcrest:hamcrest-core:1.3@jar.classpath">
    <pathelement location="${basedir}/../../.gradle/caches/modules-2/files-2.1/org.hamcrest/hamcrest-core/1.3/42a25dc3219429f0e5d060061f71acb49bf010a0/hamcrest-core-1.3.jar"/>
  </path>
  
  <path id="library.org.hamcrest:hamcrest-integration:1.3@jar.classpath">
    <pathelement location="${basedir}/../../.gradle/caches/modules-2/files-2.1/org.hamcrest/hamcrest-integration/1.3/5de0c73fef18917cd85d0ab70bb23818685e4dfd/hamcrest-integration-1.3.jar"/>
  </path>
  
  <path id="library.org.hamcrest:hamcrest-library:1.3@jar.classpath">
    <pathelement location="${basedir}/../../.gradle/caches/modules-2/files-2.1/org.hamcrest/hamcrest-library/1.3/4785a3c21320980282f9f33d0d1264a69040538f/hamcrest-library-1.3.jar"/>
  </path>
  <!-- Register Custom Compiler Taskdefs -->
  <property name="javac2.home" value="${idea.home}/lib"/>
  <path id="javac2.classpath">
    <pathelement location="${javac2.home}/javac2.jar"/>
    <pathelement location="${javac2.home}/jdom.jar"/>
    <pathelement location="${javac2.home}/asm-all.jar"/>
    <pathelement location="${javac2.home}/jgoodies-forms.jar"/>
  </path>
  <target name="register.custom.compilers">
    <taskdef name="javac2" classname="com.intellij.ant.Javac2" classpathref="javac2.classpath"/>
    <taskdef name="instrumentIdeaExtensions" classname="com.intellij.ant.InstrumentIdeaExtensions" classpathref="javac2.classpath"/>
  </target>
  
  <!-- Modules -->
  
  <import file="${basedir}/app/module_app.xml"/>
  
  <import file="${basedir}/module_blockchainui.xml"/>
  
  <target name="init" description="Build initialization">
    <!-- Perform any build initialization in this target -->
  </target>
  
  <target name="clean" depends="clean.module.app, clean.module.blockchainui" description="cleanup all"/>
  
  <target name="build.modules" depends="init, clean, compile.module.app, compile.module.blockchainui" description="build all modules"/>
  
  <target name="all" depends="build.modules" description="build all"/>
</project>