<?xml version="1.0" encoding="UTF-8"?>
<project name="module_blockchainui" default="compile.module.blockchainui">
  <dirname property="module.blockchainui.basedir" file="${ant.file.module_blockchainui}"/>
  
  <property name="module.jdk.home.blockchainui" value="${project.jdk.home}"/>
  <property name="module.jdk.bin.blockchainui" value="${project.jdk.bin}"/>
  <property name="module.jdk.classpath.blockchainui" value="${project.jdk.classpath}"/>
  
  <property name="compiler.args.blockchainui" value="-encoding UTF-8 -source 1.7 -target 1.7 ${compiler.args}"/>
  
  <property name="blockchainui.output.dir" value="${module.blockchainui.basedir}/build/classes/production/BlockChainUi"/>
  <property name="blockchainui.testoutput.dir" value="${module.blockchainui.basedir}/build/classes/test/BlockChainUi"/>
  
  <path id="blockchainui.module.bootclasspath">
    <!-- Paths to be included in compilation bootclasspath -->
  </path>
  
  <path id="blockchainui.module.production.classpath">
    <path refid="${module.jdk.classpath.blockchainui}"/>
  </path>
  
  <path id="blockchainui.runtime.production.module.classpath">
    <pathelement location="${blockchainui.output.dir}"/>
  </path>
  
  <path id="blockchainui.module.classpath">
    <path refid="${module.jdk.classpath.blockchainui}"/>
    <pathelement location="${blockchainui.output.dir}"/>
  </path>
  
  <path id="blockchainui.runtime.module.classpath">
    <pathelement location="${blockchainui.testoutput.dir}"/>
    <pathelement location="${blockchainui.output.dir}"/>
  </path>
  
  
  <patternset id="excluded.from.module.blockchainui">
    <patternset refid="ignored.files"/>
  </patternset>
  
  <patternset id="excluded.from.compilation.blockchainui">
    <patternset refid="excluded.from.module.blockchainui"/>
  </patternset>
  
  
  <target name="compile.module.blockchainui" depends="compile.module.blockchainui.production,compile.module.blockchainui.tests" description="Compile module BlockChainUi"/>
  
  <target name="compile.module.blockchainui.production" depends="register.custom.compilers" description="Compile module BlockChainUi; production classes"/>
  
  <target name="compile.module.blockchainui.tests" depends="register.custom.compilers,compile.module.blockchainui.production" description="compile module BlockChainUi; test classes" unless="skip.tests"/>
  
  <target name="clean.module.blockchainui" description="cleanup module">
    <delete dir="${blockchainui.output.dir}"/>
    <delete dir="${blockchainui.testoutput.dir}"/>
  </target>
</project>